{"cameraMode":{"drawMode":0,"name":"Shaded","section":"Shading Mode"},"sceneLighting":false,"audioPlay":false,"sceneViewState":{"m_AlwaysRefresh":false,"showFog":true,"showSkybox":false,"showFlares":true,"showImageEffects":true,"showParticleSystems":true,"showVisualEffectGraphs":true,"m_FxEnabled":false},"in2DMode":false,"pivot":{"x":-16.882734298706056,"y":1.0190962553024293,"z":-1.609400749206543},"rotation":{"x":-0.008572554215788842,"y":-0.9891730546951294,"z":0.1316467821598053,"w":-0.06447180360555649},"size":1.0001068115234376,"orthographic":false}