{"cameraMode":{"drawMode":0,"name":"Shaded","section":"Shading Mode"},"sceneLighting":true,"audioPlay":false,"sceneViewState":{"m_AlwaysRefresh":false,"showFog":true,"showSkybox":true,"showFlares":true,"showImageEffects":true,"showParticleSystems":true,"showVisualEffectGraphs":true,"m_FxEnabled":false},"in2DMode":false,"pivot":{"x":-5.064169406890869,"y":0.5644931197166443,"z":-2.2737789154052736},"rotation":{"x":0.0010636914521455765,"y":0.9974348545074463,"z":-0.015272366814315319,"w":0.0701121985912323},"size":0.5538738965988159,"orthographic":false}